workers,active_workers,queue_capacity_batches,target_hz,measured_hz,descriptor_threshold_adc,board_frames_per_channel_per_s,board_full,board_busy,board_descriptor_overflow,median_tps_per_s,nic_miss_fraction,nic_sample_count,worker_sample_count,worker_frames_enqueued,worker_frames_processed,worker_frames_dropped,worker_drop_fraction,callback_failures,tp_send_failures,raw_buffer_insert_failures,fragment_incomplete,max_pending_batches,high_water_batches_lifetime,max_queue_wait_us
0,0,256,50000,49860.294,8,49866.08030594845,0,0,630228,127215.39497375488,0.0,6,0,0,0,0,0,0,0,0,0,0,0,0
0,0,256,80000,79574.177,8,79596.16653643457,0,0,1133772,141462.63027191162,0.14821539130871303,6,0,0,0,0,0,0,0,0,2,0,0,0
0,0,256,120000,119118.748,8,119159.53340500218,0,0,1662419,101260.22815704346,0.5191113321357029,6,0,0,0,0,0,0,0,0,0,0,0,0
0,0,256,120000,119122.366,64,119160.57730094121,0,0,0,0.0,0.4410716979866897,6,0,0,0,0,0,0,0,0,0,0,0,0
1,1,256,50000,49843.062,8,49846.090817029864,0,0,659509,80552.28281021118,0.0,6,6,3850662,3850639,144170,0.03608912715228075,0,0,0,0,167,256,15590.235
1,1,256,80000,79652.436,8,79662.38388903002,0,0,939521,113942.42429733276,0.0,6,6,5495866,5496406,887462,0.1390281057153886,0,0,0,0,256,256,26670.181
1,1,256,120000,119216.95,8,119230.11062507276,0,0,1783019,125205.04379272461,0.0,6,6,6171687,6179816,3379353,0.3538204216504171,0,0,0,0,256,256,178823.76
1,1,256,120000,119213.919,64,119226.98489503918,0,0,0,0.0,0.0,6,6,4005025,4012683,5546895,0.5807099515071316,0,0,0,0,256,256,288452.781
2,2,256,50000,49860.386,8,49866.97371955048,0,0,865224,107713.57345581055,0.0,6,12,3985482,3992458,9630,0.0024104455644797943,0,0,0,0,255,256,23176.447
2,2,256,80000,79648.922,8,79658.33815762977,0,0,1183512,131688.71021270752,0.0,6,12,6321895,6321833,63865,0.010001158828393175,0,0,0,0,68,256,23494.241
2,2,256,120000,119188.525,8,119195.65914963595,0,0,1310202,138628.00979614258,0.0,6,12,9021478,9024504,530602,0.05554832036582608,0,0,0,0,256,256,38259.986
2,2,256,120000,119217.327,64,119228.45613388807,0,0,0,0.0,0.0,6,12,9130182,9130220,422458,0.044224214457992767,0,0,0,0,222,256,317840.692
4,2,256,50000,49859.193,8,49865.63247967399,0,0,592920,64860.6071472168,0.0,6,24,3767102,3766294,227682,0.05699482124690596,0,0,0,0,256,256,67952.52
4,2,256,80000,79591.761,8,79616.60390500244,0,0,1164187,99695.66249847412,0.0,6,24,5670375,5661968,709193,0.1111663046776835,0,0,0,0,256,256,63741.454
4,2,256,120000,119219.302,8,119230.06167924604,0,0,1526668,157296.95510864258,0.0,6,24,7779433,7776122,1780951,0.18628446305085652,0,0,0,1,256,256,76603.693
4,2,256,120000,119215.563,64,119228.17135844892,0,0,0,0.0,0.0,6,24,8899730,8903110,686558,0.0716187537866586,0,0,0,0,256,256,30929.114
2,2,4096,50000,49856.163,8,49861.6680478729,0,0,446885,91440.49549102783,0.0,6,12,3994560,3994636,0,0.0,0,0,0,0,3,430,3025.606
2,2,4096,80000,79571.93,8,79593.05323650467,0,0,1233666,93277.2707939148,0.0,6,12,6254300,6144990,125076,0.01960630632212304,0,0,0,1,4096,4096,246124.641
2,2,4096,120000,119214.755,8,119226.05270761586,0,0,1606593,242855.40103912354,0.0,6,12,8924982,9034461,631738,0.06610406080747369,0,0,0,1,4096,4096,534841.521
2,2,4096,120000,119218.821,64,119230.48985075836,0,0,0,0.0,0.0,6,12,9187123,9383112,368829,0.03859678240326029,0,0,0,0,4095,4096,270579.073
